call_id,agent_name,customer_segment,industry,transcript,call_duration_seconds,sale_result,customer_intent,main_objection,customer_sentiment,agent_performance_score,objection_handling_quality,closing_attempt,follow_up_needed,lead_quality_score,call_category,next_meeting_scheduled,decision_maker_present,silence_ratio,speaking_rate_wpm,speech_to_non_speech_ratio,agent_talk_ratio,average_energy_level,price_mentions_count,competitor_mentions_count,manager_notes
CALL_001,Sarah Levi,Mid-Market,Finance,"Agent: Hi Ronit, thanks for making time today. I know finance teams are slammed this time of quarter, so I'll keep us focused. Can you tell me a bit about how your team currently tracks the sales pipeline?
Customer: Sure. Honestly, we're doing it in shared spreadsheets right now. Every rep updates their own tab, and I spend half my week reconciling numbers before our forecast call. I'll be honest, I've sat through pitches like this before and the tool never lived up to what was promised.
Agent: That's fair, and I'd rather earn that trust than ask you to take my word for it. Before we get into the platform, can I ask what specifically fell apart with the last vendor?
Customer: The integration with our accounting system was supposed to be automatic. It wasn't. We ended up with duplicate records for three months, and nobody on their side owned the fix.
Agent: That's exactly the kind of thing I want to be upfront about instead of glossing over. Our CRM integration is a native connector we maintain ourselves, not a custom build handed to a partner. How many people would actually be using this day to day?
Customer: About eighteen reps, plus myself and two analysts who pull reporting for the leadership team.
Agent: With a team that size, the analytics dashboard should save your analysts real time, since pipeline data updates automatically instead of being pulled together by hand every week.
Customer: That's the pitch every vendor gives me. What happens when it breaks two months in, the way it did last time?
Agent: Two things, specifically because of what you described. First, every account gets a named onboarding contact for the first ninety days, not a support ticket queue. Second, we can start with a thirty-day pilot on a subset of your team before any full commitment, so the integration is proven before you're locked into anything.
Customer: Given our industry, I also need to know how data security is handled. That's a hard requirement for us, not a nice-to-have.
Agent: Understood. We're SOC 2 Type II certified, and all financial data is encrypted both in transit and at rest. I can send the compliance documentation directly to your security team before you sign anything.
Customer: Okay, that's more thorough than I expected. What does pricing look like for a team our size?
Agent: For eighteen seats it lands in our mid-market pricing tier, and I'll send the exact breakdown after this call. Given the trust issue you ran into last time, I'd also suggest a contract with a sixty-day opt-out clause, so you're not stuck if the integration underperforms.
Customer: I'd still want to speak with a reference customer in finance before committing to anything.
Agent: Completely reasonable. I can connect you with our contact at a mid-market asset management firm running a similar setup, and another finance team close to your size — both went through this same pilot structure.
Customer: That actually helps. I'm feeling more comfortable than I expected going into this call.
Agent: One more practical question — how much historical pipeline data would you want migrated out of the spreadsheets?
Customer: At minimum the current quarter, since we're mid-forecast. Ideally the last two quarters for trend reporting.
Agent: That's within scope for the pilot. Our onboarding team handles the migration directly, so it wouldn't fall on your analysts to re-enter anything.
Customer: That's good to hear. I was worried this would create more work before it saved any.
Agent: I appreciate you being direct about the history today — it made this a far more useful conversation than a standard pitch. Given where we've landed, can we get the pilot agreement signed this week so onboarding starts before your next forecast cycle?
Customer: Yes, let's do that. Send over the pilot agreement, the compliance documentation, and the reference contacts today.
Agent: I'll have all three in your inbox by end of day. Thanks again, Ronit.
Customer: Thanks, Sarah. Talk soon.",320,Sale,high,trust,positive,5,5,strong,false,5,Successful Sale,false,true,0.16,125,0.84,0.63,medium,2,0,"Customer initially skeptical due to a prior vendor's failed accounting-system integration; addressed directly with SOC 2 Type II detail, a 30-day pilot, and a 60-day opt-out clause. Closed with a pilot agreement to be signed this week."
CALL_002,Sarah Levi,Enterprise,Healthcare,"Agent: Hi Avi, thanks for joining. I understand you're evaluating tools to support your regional sales team's pipeline visibility — can you walk me through what's driving that right now?
Customer: We've grown from three regions to seven in the last two years, and our director-level visibility into deal status is basically nonexistent. Everyone reports differently.
Agent: That's a common growing pain at your scale. Before I go further, I want to understand your current stack — what CRM and reporting tools are you running today?
Customer: We're on a legacy CRM that's been customized heavily over the years, plus a separate business intelligence tool for reporting. Nothing talks to anything else cleanly.
Agent: That heavy customization is actually the piece I want to flag early, because it's usually the real integration risk, not the CRM vendor itself. Can you tell me more about what's been customized?
Customer: Custom fields for our compliance workflows, mostly — we're healthcare, so every deal has to track consent and data-handling requirements alongside the normal sales fields.
Agent: Got it. Our platform connects through a standard API layer, but with heavily customized instances we typically start with a technical discovery call before quoting a timeline, rather than promising a date up front.
Customer: That's actually reassuring — the last vendor promised a six-week integration and it took five months.
Agent: I'd rather under-promise here given what you've described. Realistically, for a compliance-customized instance at your scale, I'd expect eight to twelve weeks, with a technical scoping session in the first two weeks to confirm that number.
Customer: That's a more honest estimate than I've gotten elsewhere. How does the platform handle the compliance fields specifically?
Agent: We can map custom fields during the technical discovery phase, and anything that can't map cleanly gets flagged rather than silently dropped, so your compliance team isn't caught off guard mid-rollout.
Customer: Good. Who internally would need to be involved on our side for that scoping call?
Agent: Typically someone from your CRM administration team and whoever owns the compliance field structure — sounds like that might be you plus one other person.
Customer: That would be me and our compliance lead, yes.
Agent: And just to confirm, would you be the one signing off on this if the scoping call goes well, or does that go to someone else?
Customer: I have budget authority up to this tier already approved by our VP of Sales Ops, so I can move forward once we're confident in the technical fit.
Agent: Good to know, that'll help me structure the proposal to move quickly once scoping wraps. What would the rollout look like across all seven regions once scoping is done?
Customer: We'd want a phased rollout — two regions first as a pilot, validate the integration holds up with real deal data, then expand to the remaining five. That matches how we'd want to approach it internally anyway, so that's an easy yes from my side.
Agent: Good to hear. Given the technical dependency here, I don't want to push for a signature today — I'd rather schedule the technical discovery call this week and let that shape the actual proposal.
Customer: I appreciate that you're not trying to rush it given the complexity. Let's get that scoping call on the calendar — and assuming it confirms what we've discussed, consider this a yes on our end. I'll get the purchase order moving internally in parallel so we're not waiting on procurement once scoping wraps.
Agent: One last question — is there a deadline driving this, like a renewal cycle or a budget window?
Customer: We'd want this live before our Q3 planning cycle starts, so ideally scoping and rollout wrap inside the next quarter.
Agent: That timeline works with the estimate I gave you. I'll send scheduling options today, along with a summary of what we covered so your compliance lead has context before the call.
Customer: Sounds good. Looking forward to it.",300,Sale,high,integration,positive,4,5,medium,false,4,High-Value Opportunity,true,true,0.14,131,0.86,0.55,medium,2,0,"Enterprise healthcare account with heavy CRM customization for compliance fields. Agent gave an honest 8–12 week integration estimate instead of over-promising, which resolved the customer's integration concern. Firm verbal commitment obtained, pending a technical scoping call this week; purchase order to move in parallel."
CALL_003,Sarah Levi,SMB,Retail,"Agent: Hi Yossi, thanks for hopping on. Tell me about how deals move through your store operations right now — are you tracking leads and customer follow-ups in a structured way, or more ad hoc?
Customer: Pretty ad hoc, honestly. We jot down customer info in a notebook near the register and follow up when someone remembers to.
Agent: That's a common starting point for a shop your size. How many locations are we talking about?
Customer: Two locations, about forty employees between them.
Agent: Got it. What's prompting you to look at something more structured now?
Customer: We're losing repeat customers we should be following up with — trade-in offers, restock notifications, that kind of thing. It's costing us sales we should be closing easily.
Agent: That's a strong reason to fix this now rather than later. If I showed you how the platform could automate those trade-in and restock follow-ups without extra work for your staff, would that solve the core problem you just described?
Customer: It would, yeah. That's exactly the gap.
Agent: Good. Can I ask — for a decision like this, who typically signs off on new tools for the business?
Customer: That would be Dana, she owns both locations. I run day-to-day operations, but purchasing decisions go through her.
Agent: Understood. Is Dana someone I could get fifteen minutes with directly, even briefly, so she hears this from the source rather than secondhand?
Customer: She's pretty hands-off with software decisions — she usually just asks me if it's worth it and goes with my read.
Agent: That's helpful to know. In that case, let's make sure what I send her is something she can approve quickly. Can we walk through pricing and the specific features that solve the follow-up problem, so you have everything you need to make the case?
Customer: Sure, that would help.
Agent: For two locations and around forty staff, most of whom won't need seats, you'd likely need six to eight licenses for the staff actually managing customer relationships. I'll put together a one-page summary with pricing and the trade-in automation feature specifically, since that's the clearest win for Dana.
Customer: That's useful. I think that's the kind of thing she'd actually read.
Agent: Given the impact you described, I'd like to propose we get this in front of Dana this week rather than letting it sit — can you get fifteen minutes with her by Friday, even if I'm not on that call?
Customer: I can try. She's usually reachable, just busy.
Agent: I'll send the one-pager today so you have it before you talk to her, and I'll follow up with you directly on Monday to see how that conversation went.
Customer: That works. I do want this, for what it's worth — I just can't sign off on it myself.
Agent: I appreciate you being upfront about that from the start — it saves us both time. Let's plan on Monday.
Customer: Sounds good, talk then.",240,No Sale,medium,authority,neutral,5,4,strong,true,3,Follow-up Needed,true,false,0.13,123,0.87,0.68,medium,3,0,"Strong discovery and a tailored one-page proposal built specifically for the actual decision-maker, but the contact on the call — Dana, the owner — was not present and does not typically join these calls directly. Deal did not close due to the authority gap, not agent execution; a direct follow-up with Yossi is planned for Monday."
CALL_004,Sarah Levi,SMB,Professional Services,"Agent: Hi Michal, thanks for taking a few minutes. I know consulting firms your size often manage client pipeline informally — can you tell me how your team currently tracks new business opportunities?
Customer: We use a shared inbox and a notes doc. It's fine, honestly not sure why we're doing this call.
Agent: I appreciate you making time anyway. Is tracking follow-ups or converting new inquiries something that's been a pain point recently?
Customer: Not really. We're referral-based, most clients come through word of mouth. I don't think a sales tool changes much for us.
Agent: That makes sense for a firm your size. Even referral-based, some teams find value in tracking response times. Has that slipped at all?
Customer: Maybe sometimes. Look, I get a lot of these calls. Every vendor says their tool will fix things and half the time it just sits there unused after the trial ends.
Agent: That's a fair concern, and I'd rather you say that now than find out three months in. What made past tools sit unused — was it the tool, or that it didn't match how the team works?
Customer: Mostly nobody had time to learn something new for what we already manage fine with a notes doc.
Agent: Understood. If it helps, I could show you just the parts that require the least change to your existing process, rather than the full platform.
Customer: You can send something over. I'm not going to promise I'll look at it closely.
Agent: That's fair. Can I ask what would actually change your mind about trying something like this?
Customer: Honestly, probably nothing right now. We're not in growth mode this year, so it's not a priority.
Agent: That's helpful context, thank you. Is there anyone else on the team who's felt the referral-tracking gap more than you have?
Customer: Not that I'm aware of. We're small, everyone just handles their own clients.
Agent: Understood. Would it be worth a short follow-up in six months if your priorities shift, or would you rather I not reach back out?
Customer: You can check in eventually. I just don't want a bunch of emails between now and then.
Agent: Noted, I'll keep it to a single check-in. I'll send a short overview today rather than a long deck, given everything you've said.
Customer: Sure, that's fine.
Agent: I won't take up more of your time. Thanks for being straightforward about where things stand.
Customer: Yeah, no problem. Appreciate the call.",210,No Sale,low,trust,negative,3,2,weak,false,2,Failed Sale,false,true,0.22,119,0.78,0.59,low,0,0,"Referral-based firm with low engagement throughout. Customer expressed general distrust of sales tools based on past unused trials and stated the firm is not in growth mode this year. Agent kept the approach low-pressure, did not push for commitment, and limited follow-up to a single distant check-in at the customer's request."
CALL_005,Sarah Levi,Mid-Market,Manufacturing,"Agent: Hi Ilan, thanks for jumping on. Before anything else — what's actually driving this search right now? Something specific, or just general house-cleaning?
Customer: Little of both, I guess. We've got quotes going out of three different systems depending on which rep does it, and half the time nobody knows which version the customer actually saw last.
Agent: That gets expensive fast. How many reps are we talking about?
Customer: Nine on the sales side, but there's also two people in engineering who pull quote data for scheduling. So really it touches eleven people, not nine.
Agent: That engineering dependency matters. What system are they pulling quote data from today?
Customer: Our ERP, mostly. It's an older on-prem system, honestly kind of a mess — we've had two failed integration projects with it already. Different vendors, same result. Nothing actually synced.
Agent: What broke, specifically? Data-mapping issue, or more of a connectivity problem?
Customer: Both, kind of. First vendor couldn't handle our custom part-number format. Second one technically connected, but the sync ran once a day, so by the time anyone looked at it the numbers were already stale.
Agent: Real-time sync against a custom on-prem ERP is a harder problem than most vendors are willing to admit up front. I don't want to promise it works until our integrations team actually looks at your setup.
Customer: Honestly, that's the first straight answer I've gotten on this. Everyone else just says ""yes, we integrate with anything.""
Agent: Better you hear that from me now than three months into a broken rollout. Can I get someone from our side on a call with whoever manages your ERP?
Customer: Sure, that'd be Priya, she handles that side. Actually — wait, before we get into that, does the platform handle forecasting too, or is that a separate thing?
Agent: Forecasting's built in — pipeline and revenue both. But let's hold off on that until we know the integration actually works, because none of it matters much if the quote data doesn't sync.
Customer: Right, right. Sorry, go back to the ERP call — when could that happen?
Agent: I can have someone reach out to Priya this week. I wouldn't expect a real answer on feasibility for another week or two after that, given the part-number issue you described.
Customer: Slower than I'd like, but it's more realistic than what we got last time. Fine.
Agent: How's the team feeling about switching tools in general? Sometimes the tech's the easy part and getting people to actually use it is the hard part.
Customer: Mixed. A couple reps like the idea. A couple are annoyed we're even looking again after two failed attempts already.
Agent: Good to know going in. I don't want to sell you something that dies in three months because reps won't touch it.
Customer: Yeah. Look — I want this to work. I just don't have a lot of trust left after the last two rounds.
Agent: Then the ERP call is the actual test, not anything I say on this call. Let's get that scheduled and see what Priya finds.
Customer: Okay. Send me what you need from her and I'll loop her in today.",270,Follow-up Needed,medium,integration,mixed,4,4,medium,true,3,Follow-up Needed,true,true,0.15,118,0.85,0.50,medium,0,0,"Customer has been burned by two previous failed ERP integrations (custom part-number format issues, stale daily sync). Agent declined to promise integration success before a technical validation call with the customer's ERP owner, Priya. Team adoption is mixed after two failed prior attempts — worth flagging for rollout planning if the integration proves feasible."
CALL_006,Sarah Levi,Enterprise,Technology,"Agent: Hi Tomer, thanks for the time. Before we get into specifics — what's actually driving the evaluation right now? Is this a scheduled renewal cycle, or did something change?
Customer: Bit of both, honestly. Our current sales tool's contract is up in the fall, and after two vendors failed our review this quarter already, leadership wants security looped in earlier this time instead of at the end.
Agent: Is security the last approval stage for you, or are other teams still evaluating the platform in parallel?
Customer: Sales ops is doing the functional side in parallel. If I clear it and they like the product, it goes to procurement. So I'm not the last stop, but I'm usually the one that kills deals.
Agent: What usually trips vendors up in your review — a specific gap, or more just incomplete answers?
Customer: Mostly incomplete answers, actually. Vendors say ""yes we're compliant"" without documentation to back it up. Sorry, I'm jumping around a bit — I've got my checklist open. SOC 2 status, data residency, encryption at rest and in transit, breach notification process.
Agent: We're SOC 2 Type II. Data residency — where do you need it hosted?
Customer: US-East, contractually. No exceptions.
Agent: That's standard for us, no issue. Encryption is AES-256 at rest, TLS 1.2 in transit.
Customer: Breach notification SLA?
Agent: Seventy-two hours, written into the contract.
Customer: Sub-processors — do you use any, and is there a list?
Agent: Yes, published list, updated whenever it changes. I can send it after this call.
Customer: Do you notify customers before adding a new one, or after?
Agent: Before. Thirty-day notice, with an option to object.
Customer: That's better than most of what I've reviewed this quarter. We've already rejected two vendors this quarter over exactly this kind of thing.
Agent: Anything that's failed vetting before that I should know about now instead of later?
Customer: One vendor last year didn't support single sign-on. Dealbreaker for us. I'm probably being more picky than usual after this quarter, so bear with me.
Agent: No, that context helps me actually answer the right questions instead of guessing. We support SAML-based SSO, standard on the enterprise tier.
Customer: Audit logs and data deletion — retention period, export options, and what happens to backups if we terminate.
Agent: Twelve months retention, exportable by API or CSV. Full deletion within thirty days of contract end, backups included on the same cycle.
Customer: That covers my list. I'll write this up for the security committee.
Agent: How long does that review usually take on your end?
Customer: Depends on the queue. Two weeks, sometimes four.
Agent: I'll get the SOC 2 report and the sub-processor list over today so the committee has everything for a first pass. Once they've reviewed it, would it make sense to put fifteen minutes on the calendar to walk through any open questions together, instead of going back and forth over email?
Customer: That's reasonable. I'll reach out once we're through the queue.
Agent: Sounds good — I'll be here whenever that is.",285,Follow-up Needed,medium,security,neutral,4,5,weak,true,3,Follow-up Needed,false,false,0.11,107,0.89,0.51,low,0,0,"Enterprise technical security review conducted by an IT security analyst, not the final buyer. All standard vetting items — SOC 2, encryption, breach SLA, sub-processors, SSO, audit log retention, data deletion — were answered directly and accurately. Review comes after two other vendors were rejected this quarter, which explains the analyst's heightened scrutiny. Security committee review typically takes two to four weeks; SOC 2 report and sub-processor list were sent to support that review, with a follow-up walkthrough offered once the committee has responded."
CALL_007,Daniel Cohen,Mid-Market,Retail,"Agent: Talia, hey — good to finally get you on the phone. I heard you've been comparing us against a couple other platforms?
Customer: Two others, yeah. And honestly the other two are cheaper, so you're gonna have to make this worth it.
Agent: Good place to start. What are they quoting you?
Customer: One's about sixty percent of your price. The other's even less, but it's basically a glorified spreadsheet with a nicer interface.
Agent: What made you even take our call if they're that much cheaper?
Customer: Because my ops manager used your platform at her last job and said the automation actually worked, not just looked good in a demo.
Agent: That's the part that doesn't show up on a pricing sheet. What's she dealing with day to day right now that made her say that?
Customer: Restock timing, mostly. We lose sales constantly because nobody catches low inventory until a customer's standing at the register asking for a size we don't have.
Agent: How many times a week would you say that happens, roughly?
Customer: Honestly? Probably fifteen, twenty times across our stores. It adds up — I did the math once and just about had a heart attack.
Agent: Let's actually do that math together, because that's the real comparison, not sticker price versus sticker price. If the platform catches even half of those before the customer walks, what's an average lost sale worth to you?
Customer: Maybe eighty bucks average ticket, sometimes way more.
Agent: Half of twenty a week at eighty bucks is eight hundred a week, just from that one thing — not counting everything else the platform does.
Customer: Okay, when you put it that way — yeah, that's more than the price gap.
Agent: That's the reframe I wanted you to see for yourself, not just hear from me. What's actually stopping you from signing today, if the number works?
Customer: Nothing, really. I mean — I do want my ops manager on the onboarding call, she'll actually use this thing day to day.
Agent: Done, we'll build onboarding around her schedule, not just yours. Can we get the contract signed this week so we don't lose momentum?
Customer: Yes. Send it over, I'll sign today if my ops manager's free to jump on for ten minutes first.
Agent: I'll set that up right now. Congrats, by the way — this is going to fix the thing that's actually been bleeding you money.
Customer: We'll see! Ask me again in three months.",190,Sale,high,price,positive,5,5,strong,false,4,Successful Sale,true,true,0.08,131,0.92,0.53,high,5,0,"Customer was price-comparing against two cheaper competitors going into the call. Agent reframed the comparison around the cost of missed restock-driven sales (roughly $800/week by the customer's own numbers), which closed the price gap in her own math rather than the agent's claims. Contract signed same day, pending a short onboarding call with the customer's operations manager."
CALL_008,Daniel Cohen,Enterprise,Logistics,"Agent: Marcus, thanks for making time — I know you're mid-evaluation with PipeFlow already, so I'll get straight to it. What's not working with them?
Customer: It's not that it's broken, exactly. It's more that we've outgrown it. We've got fourteen hundred people using different parts of the platform for freight quoting, and PipeFlow's reporting just — it doesn't scale past a certain data volume. Reports time out. Support says it's a ""known limitation,"" which is a nice way of saying they're not fixing it.
Agent: How long have you been dealing with the timeout issue?
Customer: Eight months, on and off. We've built workarounds — exporting to spreadsheets, running reports overnight — but that's not a platform, that's a patch job.
Agent: What's the actual cost of that, in your team's time?
Customer: I had someone estimate it. About twelve hours a week across the reporting team, just babysitting exports and reconciling numbers that should just be live.
Agent: Twelve hours a week is basically a third of a full-time role, doing nothing but working around a limitation. Have you told PipeFlow that number?
Customer: We have. Their answer was an upgrade to their enterprise tier, which — I looked at it — barely raises the data ceiling and costs almost the same as what you're proposing anyway.
Agent: So you're not actually comparing our price to their current price. You're comparing us to what they'd charge you to sort of fix this, maybe.
Customer: When you put it like that, yeah. That's actually a fair way to frame it.
Agent: What's your data volume look like at peak, roughly?
Customer: We're pushing close to two million records a month across freight and warehousing combined.
Agent: We've got customers at that scale and above running live reporting without the timeout issue you're describing. I can get you two reference calls with logistics customers specifically, not just any enterprise account.
Customer: I'd take that. My CFO's going to ask for proof, not just a promise.
Agent: Makes sense. What would your CFO need to see to sign off, beyond the references?
Customer: Migration plan, mostly. We can't have reporting go dark during a transition — that's non-negotiable given how we operate.
Agent: We'll build a parallel-run period, both systems live for thirty days before PipeFlow gets switched off, so there's zero gap. I'll have that migration plan drafted by end of week, references included.
Customer: If that plan looks solid, we're moving forward. I don't need to drag this out — we've known for months PipeFlow isn't going to fix this.
Agent: Then let's not drag it out either. I'll get the plan and references to you and your CFO by Friday, and we can target a contract signature the following week.
Customer: Works for me.",240,Sale,high,competitor,positive,5,5,strong,false,5,High-Value Opportunity,true,true,0.18,115,0.82,0.48,medium,4,5,"Customer has dealt with eight months of reporting timeouts on their current platform (PipeFlow) at scale, costing an estimated 12 hours/week in manual workaround time. Agent reframed the price comparison against the cost of the competitor's own proposed fix rather than list price, and committed to a 30-day parallel-run migration plus logistics-specific reference calls to satisfy the customer's CFO ahead of signature."
CALL_009,Daniel Cohen,SMB,Real Estate,"Agent: Renee, hey, thanks for hopping on — I know you've been going back and forth on this for a couple weeks. Where's your head at?
Customer: Honestly? I love it. My office manager's been begging me to get something like this for our listing pipeline. I just keep choking on the price.
Agent: What's the number doing that's making you choke?
Customer: We're fifteen people, mostly commission-based agents. Every dollar I spend on software comes straight out of my own margin before anyone else sees a cent of it.
Agent: That's a different math than a company with a fixed sales-ops budget. What does losing a listing actually cost you right now, when a referral falls through the cracks?
Customer: More than I'd like to admit. Probably two or three deals a year where a referral just — goes cold because nobody followed up in time. Each one's worth eight, ten thousand in commission to me personally.
Agent: So we're not really weighing the subscription against nothing. We're weighing it against two or three lost deals a year — call it twenty-five grand combined.
Customer: When you put it that way, yeah, it's not close. I already knew that, honestly, I just needed to hear it out loud.
Agent: Then let's get this moving. I can have the agreement over to you today — is there anything standing between us and a signature?
Customer: Actually — yeah, there is, and I feel dumb bringing it up now. Our franchise group sent a notice this morning. Corporate's freezing all new software budgets for every office through end of quarter. Market's been slow, they're tightening everything.
Agent: That's not something you control at the office level, I take it?
Customer: Not even a little. It came from the top, applies to every franchisee, no exceptions listed. I called my regional director already hoping there was wiggle room. There isn't.
Agent: That's rare, most people just go quiet on me instead of telling me why.
Customer: I wanted this. I still want this. I just can't sign something corporate would flag two weeks from now.
Agent: Makes sense. Better to know now than to chase a signature that was never going to happen. When does the freeze lift?
Customer: End of quarter, supposedly. Could get extended if the market doesn't turn around — corporate's been vague about that part.
Agent: I won't pretend I love hearing that, but I'm not going to push against a real budget freeze. Want me to check back once it lifts, or would you rather reach out when you're ready?
Customer: Let me reach out. I don't want a countdown clock hanging over this, given how this quarter's already gone.
Agent: No hard feelings on this end. It's still a good fit whenever the timing works for you.
Customer: It is. Bad timing, not a bad answer — for what it's worth.",230,No Sale,high,price,mixed,5,5,strong,false,4,Failed Sale,false,true,0.12,125,0.88,0.46,medium,5,0,"Customer was fully persuaded by a quantified reframe (roughly $25K/year in lost referral commissions against the subscription cost) and was ready to sign today. Deal lost only because the customer's franchise corporate office issued a company-wide software spending freeze the same morning, unrelated to the agent's execution. Customer will reach out once the freeze lifts; no follow-up commitment was made on either side."
CALL_010,Daniel Cohen,Mid-Market,Finance,"Agent: David, good to connect. Sounds like you've already got buy-in on your end — what's the actual path from here to a signed deal?
Customer: That's the complicated part, honestly. I'm sold, my team's sold, but anything over fifteen thousand a year has to go through our vendor review committee. They meet quarterly.
Agent: When's the next one?
Customer: Six weeks out. I know, it's not the answer you want to hear.
Agent: Walk me through who's actually on that committee — is it just finance, or does it pull from other departments too?
Customer: Finance, IT security, and our COO's office. Three different agendas in one room, honestly it's a whole thing.
Agent: What usually kills a proposal in that room, in your experience?
Customer: IT security asking questions nobody prepped for, mostly. Or finance deciding the ROI story wasn't tight enough.
Agent: Then let's build you a package that survives all three questions before you're even in the room — ROI numbers, a security one-pager, and something that shows this isn't just a nice-to-have for your team specifically.
Customer: That would actually help a lot. I've walked into that room underprepared before and watched a good tool get tabled for two quarters.
Agent: I don't want that happening here. Can you get me fifteen minutes with whoever leads the ROI conversation on the finance side, before the committee meets?
Customer: I can try. Marguerite usually runs that piece. She's not easy to get on a call, though — everyone wants her time.
Agent: I'll take whatever slot she has. In the meantime I'll build the ROI model off your numbers, so it's ready before you ever ask her for anything.
Customer: That helps a lot, actually. If it were just up to me we'd have signed already.
Agent: I believe that. Six weeks getting you properly armed for that room beats me pretending I can shortcut a process that isn't mine to shortcut.
Customer: A couple vendors have tried going around the committee straight to our COO. Backfired every time.
Agent: That's a pattern worth knowing before we're anywhere near your COO. I'll get you the ROI model and a security one-pager within two weeks, so you've got time to build support before the meeting.
Customer: I'll flag it internally too, so it's actually on the agenda and not just floating around.
Agent: Let's regroup the week before the committee meets and make sure everything's tight.
Customer: Sounds right to me. Fingers crossed on the IT security piece — that's usually where things get stuck.",230,No Sale,medium,authority,neutral,4,3,medium,true,3,Follow-up Needed,true,false,0.13,110,0.87,0.54,medium,0,0,"Customer is a strong internal champion, but purchases above $15K require a quarterly vendor review committee spanning finance, IT security, and the COO's office; the next meeting is six weeks out. Agent is preparing an ROI model and a security one-pager and requesting time with the finance stakeholder (Marguerite) ahead of the committee meeting. Customer warned that other vendors who tried bypassing the committee directly to the COO were unsuccessful."
CALL_011,Daniel Cohen,Mid-Market,Manufacturing,"Agent: Carla, thanks for jumping on. Last time we talked you seemed genuinely into this — has anything changed since then?
Customer: Not with my opinion of the product, no. Timing's just brutal right now.
Agent: Before we get into what's going on — remind me what got you interested in the first place?
Customer: Our quote turnaround time, mostly. We're losing bids to competitors who just move faster, and some of that's on us, not just the market.
Agent: Okay, so what's going on now?
Customer: We went live on a new ERP six weeks ago. It's been rough. My reps are still relearning how to log a basic quote.
Agent: How rough are we talking — day-to-day-annoying, or actually blocking people from doing their jobs?
Customer: Somewhere in between. Nobody's stuck, but everyone's slower, and morale's a little fried. Adding a second new system on top of that would be a mistake, and I think you'd agree if you saw the Slack channel right now.
Agent: I would agree. Rolling out two platforms on top of each other usually guarantees neither one sticks. When do you expect the ERP dust to settle?
Customer: Realistically? Sixteen weeks. Maybe twelve if we're lucky.
Agent: Is the interest still there for after that, or did the ERP pain sour the whole idea of adding tools?
Customer: Still there. If anything the ERP mess made it clearer we need something that actually works when we do add it.
Agent: Glad it's not soured, just delayed. Would it help to lock in pricing now so you're not renegotiating from scratch in four months?
Customer: Maybe. I don't want to commit to a timeline I can't hit, though. ERP rollouts have a way of eating every projection I make.
Agent: No argument there — let's not pin you to a date you'll regret. What if I check back in ten weeks instead of holding you to twelve or sixteen?
Customer: That's better. Less pressure, and by then I'll actually know where we stand.
Agent: I'll put a note to reach out then. In the meantime, want me to send anything, or is your inbox better left alone during all this?
Customer: Leave it alone, honestly. I'll remember you when I'm ready — this wasn't a hard no, just bad timing.
Agent: That tracks. Better to come back ready than half-checked-out right now anyway.
Customer: Appreciate that. Talk in ten weeks.",210,Follow-up Needed,medium,timing,neutral,4,4,medium,true,3,Follow-up Needed,true,true,0.16,115,0.84,0.50,low,1,1,"Customer remains genuinely interested but is mid-rollout on a new ERP system that has strained team capacity; adding a second new tool now was judged too high-risk for adoption. Agent agreed to a ten-week check-in instead of pressing for a shorter timeline, and the customer asked not to be contacted in the interim."
CALL_012,Daniel Cohen,Enterprise,Technology,"Agent: Diane, thanks for making time. I know you're running this as a formal evaluation — where are things at with the other vendors?
Customer: Two others in the mix besides you. We're scoring all three against the same rubric before anyone on my team is allowed to have a favorite, at least officially.
Agent: Unofficially?
Customer: Unofficially, you're ahead. The workflow automation piece is exactly what my ops team's been asking for. I just can't say that in the steering committee meeting.
Agent: I'll take unofficially-ahead. What does the rubric actually weigh?
Customer: Implementation timeline, integration depth, total cost of ownership over three years, and vendor stability. Pretty standard enterprise stuff.
Agent: Where do you think we're weakest on that list, honestly?
Customer: Vendor stability, maybe. You're smaller than the other two, and someone on the committee always asks ""what if they get acquired or go under.""
Agent: Is that the biggest thing holding the committee back, or is there something else lurking under the surface?
Customer: Honestly, some of it's just switching-cost anxiety in general. We've been burned before rolling out a platform that promised the world and underdelivered. Nobody wants to be the one who championed the next disappointment.
Agent: Worth taking seriously, both of those. We can get you customer references at your scale, our financials summary, and roadmap commitments in writing, if that helps.
Customer: That would help. Can you get me the references by next week? The committee meets in three weeks and I want ammunition before then, not after.
Agent: I'll have three reference contacts to you by Wednesday. Given everything else you've said, is there anything blocking a strong recommendation from you specifically, or is it purely the process now?
Customer: Purely the process, mostly. Between us, if it were just my call, we'd already be moving forward.
Agent: Then let's make sure the committee sees what you're seeing. Can I get fifteen minutes with them directly, even briefly, before the final scoring?
Customer: I can push for that. No guarantees, but I'll try to get you on the agenda for the pre-read session.
Agent: That's the ask — get me in the room before the decision's made, not after.
Customer: I hear you. I want this to land too, for what it's worth. I just can't shortcut a process I helped design.
Agent: I wouldn't ask you to. I'll have the references and roadmap doc to you by Wednesday, and follow up once you know if I've got that fifteen minutes.
Customer: Sounds good. I'll know more after our internal sync Thursday.",235,Follow-up Needed,medium,competitor,mixed,5,4,strong,true,4,High-Value Opportunity,false,true,0.15,110,0.85,0.45,medium,2,0,"Enterprise account running a formal three-vendor evaluation against a scoring rubric (implementation timeline, integration depth, three-year TCO, vendor stability). Customer champion is unofficially favorable but bound by the committee process; vendor stability and general switching-cost anxiety were raised as the main concerns. Agent is providing references, financials, and a roadmap document by Wednesday, and requested time with the steering committee before final scoring — not yet confirmed."
CALL_013,Michael Ben-David,Enterprise,Technology,"Agent: Sandra, thanks for jumping on. I know your team already ran the technical review — what's actually still open for you personally before this moves forward?
Customer: Nothing technical, honestly. My security engineers cleared you two weeks ago — SOC 2, encryption, the works. I just haven't signed off myself yet.
Agent: What's holding that back, if it's not the technical side?
Customer: Scale, mostly. We'd be rolling this out to our whole sales org — twelve hundred people. If something goes wrong at that scale, it's my name on the recommendation, not just my security team's checklist.
Agent: Reasonable, wanting more than a checklist for something this size. What would actually give you that confidence?
Customer: Track record, honestly. Have you had a security incident at an account our size? And if so, what actually happened when it did?
Agent: We had one two years ago — a misconfigured permission on a customer instance, not a breach, but data was briefly viewable that shouldn't have been. We caught it in four hours, notified the customer within the SLA, and rebuilt our permission-review process because of it.
Customer: Rare that a vendor admits that instead of dodging it. What changed afterward, specifically?
Agent: Automated permission audits now run daily instead of on request, and every account over five hundred seats gets a dedicated security contact, not a shared support queue. You'd be one of those accounts.
Customer: That's the kind of answer that actually helps. What about longer term — is security something that gets real investment, or is it treated as a cost center once the deal's signed?
Agent: Roughly a fifth of our engineering headcount sits on security and infrastructure specifically, and that's grown every year, not shrunk. I can get you our last two annual security investment summaries if that helps make the case internally.
Customer: It would. My CISO's going to ask, even if I don't.
Agent: I'll have both to you today. If something ever did go wrong on our side after you're live, what would you actually need from us in the first hour?
Customer: Direct access to a real person, not a ticket number. Somebody who can tell me what happened and what we should tell our own customers.
Agent: You'd have a named escalation contact and a direct line, not a support queue, specifically because of the scale of this rollout.
Customer: Okay. Honestly, that covers it for me. I was mostly looking for someone who'd tell me the truth instead of a perfect record that doesn't exist anywhere.
Agent: Given where we've landed, what's left before you're comfortable signing off?
Customer: Nothing. I'll get this to procurement today — twelve hundred seats, effective next quarter.
Agent: I'll send the security investment summaries and the named escalation contact details this afternoon so you've got everything for your CISO.
Customer: Appreciate it. This was a more honest conversation than I expected going in.",245,Sale,high,security,positive,5,5,medium,false,5,High-Value Opportunity,false,true,0.12,119,0.88,0.54,medium,1,0,"Customer's technical team had already cleared security review two weeks prior; this call was about executive-level confidence given a 1,200-seat rollout, not unresolved technical concerns. Agent disclosed a past minor security incident (misconfigured permission, no breach, four-hour resolution) and the process changes that followed, and committed to a named escalation contact given the account's scale. Customer is submitting to procurement today."
CALL_014,Michael Ben-David,Mid-Market,Healthcare,"Agent: Priya, thanks for hopping on. So, tell me a little about your team and what's got you looking at a platform like this.
Customer: I'll be honest, we're past the ""looking"" stage. My VP of Ops already piloted this with two other vendors last quarter, we picked you, budget's approved. I'm really just here to finalize details.
Agent: Great, great. Well, let me walk you through what makes our platform different — we've got a full analytics suite, AI-driven lead scoring, CRM integrations across the major providers, a mobile app for reps in the field —
Customer: I've seen the demo, Michael. Twice, actually. What I need to know is start date and contract terms.
Agent: Right, of course. The analytics suite is actually one of the pieces I think you'll get the most value from, especially with a team your size —
Customer: I'm sure it's great. Start date?
Agent: We can typically get an account live within two to three weeks of signature, depending on data migration complexity.
Customer: Okay, and can that happen before our open enrollment period starts? That's the actual constraint here — everything needs to be running by the fifteenth.
Agent: Sure, migration's usually pretty smooth. We've got a whole onboarding team, dedicated support, training materials, a knowledge base —
Customer: Michael. Can it be live by the fifteenth or not?
Agent: I believe so, yeah. I mean, it depends a bit on your data, but generally two to three weeks is typical, so it should work out.
Customer: ""Should"" isn't really what I need to hear before I sign something with a hard deadline attached to it.
Agent: No, no, you're right. Let me actually check on that instead of guessing — I'll confirm with our onboarding team today and get you a real answer, not just typical timelines.
Customer: That would help, thank you. What about pricing at our seat count — is there a discount, or is that a separate conversation?
Agent: So at your seat count you'd actually qualify for our mid-market tier, which includes the analytics suite I mentioned, plus priority support, plus —
Customer: Is there a discount or not?
Agent: Yes — twelve percent off list price for annual commitment at your tier.
Customer: Good. Send me the contract with that pricing and I'll get it in front of finance today.
Agent: I can do that. I'll also send over some case studies from similar healthcare accounts, just so you have context on how other teams have used the analytics features —
Customer: I don't need the case studies, Michael. Just the contract and a real answer on the fifteenth.
Agent: Will do — contract today, onboarding timeline confirmed by tomorrow.
Customer: Perfect. I already told finance to expect this, so the faster the better.",200,Sale,high,timing,positive,2,2,weak,false,5,Coaching Required,false,true,0.08,137,0.92,0.57,medium,4,0,"Customer had already selected this platform internally before the call — budget approved, team piloted competing tools, decision made. Agent repeatedly pitched unrequested features (analytics suite, mobile app, case studies) instead of directly answering the customer's specific questions on start date and pricing, and gave a vague, unverified answer on a hard enrollment deadline before the customer had to push back twice for a real one. The sale closed because the opportunity was already fully qualified, not because of strong execution on this call — flagged for coaching on discovery listening and unprompted feature-dumping."
CALL_015,Michael Ben-David,Mid-Market,Retail,"Agent: Greg, thanks for making time. Last we spoke you seemed pretty into this — what's the latest on your end?
Customer: We're still into it, genuinely. My team ran their own numbers though, and I wanted to talk you through where we landed before I give you a final answer.
Agent: Before we get into the math — what's actually resonated most for your team in the eval?
Customer: The markdown-timing alerts, honestly. We lose more margin to bad markdown timing than almost anything else. That part sold itself.
Agent: Glad to hear that landed. So what did the numbers say?
Customer: We opened a third location last spring. Still absorbing that cost — new leases, new inventory, new hires. Our finance team modeled the platform's ROI against our current cash position, and the payback period came out to around fourteen months.
Agent: What's the threshold your finance team's working with?
Customer: Anything past nine months this year gets a hard no. It's not a permanent rule, it's specific to where we are right now with the third store still bleeding cash.
Agent: Is fourteen months close to right, or is there room to challenge that model?
Customer: Probably close. We were conservative on the upside assumptions on purpose, given everything else going on. I didn't want to walk in here with rosy numbers and get burned later.
Agent: Reasonable way to model it, honestly. Is there a version of this — fewer seats, a phased rollout — that gets the payback period under nine months?
Customer: We looked at that. Fewer seats doesn't really work, our use case needs the whole retail team using it or the data's incomplete anyway.
Agent: What about deferring the start date instead of the seat count — starting once the third store's numbers stabilize?
Customer: That's actually more realistic. Problem is I don't have a clean date for ""stabilized."" Could be six months, could be a year if this quarter's rough.
Agent: I don't want to sell you something your own finance team already modeled as a bad bet right now. Would it help if I sent over the ROI model with a note that pricing holds for six months, so you're not renegotiating from zero later?
Customer: That would help, actually. I liked this a lot more than the number suggests — it's genuinely not a fit issue, it's a cash-timing issue.
Agent: For what it's worth, the product isn't going anywhere, and neither is the price lock if you come back inside that window.
Customer: I appreciate that you didn't try to talk me out of my own numbers.
Agent: Wouldn't have gotten anywhere anyway — you clearly did the work. I'll send the model and the pricing note today.
Customer: Thanks. Genuinely wish the timing on the third store had worked out differently.",245,No Sale,high,price,mixed,5,5,medium,false,4,Failed Sale,false,true,0.17,114,0.83,0.44,medium,4,0,"Customer's own finance team modeled the platform's ROI at a 14-month payback period against a 9-month internal threshold, driven by cash constraints from a recent third-location opening — a deliberate, well-reasoned internal decision, not price resistance to the product itself. Agent offered a deferred-start option and a six-month price lock rather than pushing against the customer's own financial model."
CALL_016,Michael Ben-David,SMB,Professional Services,"Agent: Frank, thanks for taking the call. I know you're busy — what's your team currently using to track new client inquiries and project pipeline?
Customer: We use a whiteboard in the conference room. Has for fifteen years. Works fine.
Agent: What happens when two people need to update it at the same time, or someone's out of office?
Customer: Somebody writes it down and updates the board when they're back. It's not complicated. We're an architecture firm, not a call center.
Agent: The scale's obviously different there. Have you ever lost track of a lead because the board wasn't updated in time?
Customer: Maybe once or twice in fifteen years. I'm not going to buy software over ""once or twice.""
Agent: That's a reasonable bar. What made you take this call at all, then?
Customer: My daughter set it up. She handles our marketing, thinks we need to ""modernize."" I told her I'd take one call to make her happy.
Agent: I appreciate the honesty. Is there anything about how the firm runs day to day that actually frustrates you, even if it's not pipeline-related?
Customer: Not really. Thirty people, we all know each other, projects come through referrals mostly. It's not broken.
Agent: If nothing's broken, I'm not going to try to convince you it is. What does your daughter think the actual gap is?
Customer: Reporting, probably. She wants numbers for some pitch deck she's building. I don't really care about the numbers, honestly, I care about the buildings.
Agent: That's a normal split of priorities to have. Is she the one who'd actually use this day to day, or would that fall on you too?
Customer: Her, mostly. If she wants a tool for her reporting thing, that's a smaller ask than replacing how the whole firm tracks work.
Agent: Worth knowing — sounds like the real conversation might be a lighter reporting tool for her specifically, not a full pipeline platform for the firm.
Customer: Maybe. I'm not signing up for anything today either way.
Agent: I'm not asking you to. If she wants to look at something smaller and more targeted for her own reporting, have her reach out directly and I'll talk to her about that instead.
Customer: Fine, I'll tell her. Wasn't expecting you to just let it go instead of pushing the full pitch.
Agent: That's not what this firm needs right now, from what you've described. No hard sell here.
Customer: Good. That's more than I expected from one of these calls.",200,No Sale,low,no_need,negative,3,2,none,false,1,Failed Sale,false,true,0.14,126,0.86,0.55,low,0,0,"Customer's firm runs on a 15-year-old manual whiteboard process and genuinely does not see a problem worth solving; the call was taken as a favor to his daughter, who handles marketing and wanted a lighter reporting tool for her own use, not a full pipeline platform for the firm. Agent correctly avoided pushing a broader sale onto a lead with no genuine need, and redirected toward a smaller, more relevant follow-up (the daughter reaching out about a reporting-focused tool)."
CALL_017,Michael Ben-David,Enterprise,Manufacturing,"Agent: Kenji, thanks for hopping on. Where are things at since we last talked?
Customer: Good news and annoying news. Good news, everyone who'd actually use this loves it. Annoying news, the only person who can approve it is out.
Agent: Out how — vacation, or something longer?
Customer: Parental leave. Three weeks in, three more to go. She's our VP of Ops and anything over our threshold needs her signature specifically, not a delegate.
Agent: No delegate at all while she's out?
Customer: None for purchasing, oddly. Delegates cover ops decisions, not spend approval. It's a gap in our policy, honestly, one I've flagged before.
Agent: What's actually driving the enthusiasm on your team's side — what problem is this solving for them day to day?
Customer: Quote follow-up, mostly. We've got twenty-some reps across three plants and nobody has visibility into who followed up on what. It's costing us renewals we shouldn't be losing.
Agent: That's a specific kind of stuck, then — not a process you can work around, just a calendar you have to wait out.
Customer: Exactly. I could get five VPs to co-sign a letter saying they want this and it still wouldn't count.
Agent: How much runway do we actually have — is three weeks a hard number, or could it slip?
Customer: Could slip. First week back is usually chaos for anyone returning from leave, so realistically I'd guess four weeks before she's even looking at anything like this.
Agent: What can we get ready in the meantime so the moment she's back, this isn't starting from zero?
Customer: Honestly, a short summary would help — she won't want to sit through a full pitch on day one back. Just the essentials and why my team's already bought in.
Agent: I can put together a one-page brief — problem, solution, team sign-off, pricing — something she can read in five minutes.
Customer: That's exactly what I need. I'll also give her a heads up before she's back so it's not a total surprise.
Agent: Should I check in with you around the four-week mark, or wait for you to reach out once she's settled?
Customer: Check in with me. I want to drive the timing, not have this go quiet for a month.
Agent: I'll follow up in four weeks then, and have the one-pager to you well before that.
Customer: Appreciate it. For what it's worth, this is the easiest ""yes, but"" I've had to deliver — everyone actually wants this.",215,Follow-up Needed,medium,authority,neutral,4,3,medium,true,3,Follow-up Needed,true,false,0.15,115,0.85,0.41,medium,2,0,"Purchases above the customer's internal threshold require sign-off specifically from their VP of Operations, who is roughly three weeks into a six-week parental leave with no delegate authorized for spend approval — a personnel-availability gap, not a multi-stakeholder committee process. Team-level enthusiasm is high (quote-follow-up visibility across three plants). Agent is preparing a one-page brief for the VP's return and will check in at the four-week mark."
CALL_018,Michael Ben-David,Enterprise,Finance,"Agent: Elena, thanks for jumping on. Where are we at on your end since the demo?
Customer: Team loved it, for what that's worth. Pricing's the sticking point now, and honestly, that part's slower than I'd like.
Agent: What's slow about it specifically?
Customer: Sixteen hundred people company-wide, but we'd start with maybe four hundred seats in sales and CS. Our procurement policy requires three competitive quotes for anything over a certain contract value, and yours would clear that threshold easily.
Agent: So this isn't really a ""is the price too high"" conversation, it's a ""we're required to shop it"" conversation?
Customer: Pretty much. I already like your number better than what I'm expecting from the other two, honestly, but I can't skip the comparison even if I wanted to.
Agent: What do the other two quotes typically look like, roughly, so I know what I'm actually being compared against?
Customer: I don't have them yet, that's the annoying part. RFQ just went out this week. Probably three, four weeks before I've got all three numbers side by side.
Agent: Is there anything I can do on our end to make that comparison easier once the other quotes land — a breakdown by seat tier, a multi-year discount structure, anything like that?
Customer: A multi-year option would actually help. If you're meaningfully cheaper over three years than year-to-year, that's a real argument I can bring to the comparison.
Agent: I can put together year-to-year and a three-year locked rate, side by side, so you've got both numbers ready when the others come in.
Customer: That would help a lot, genuinely. I want this to win the comparison, I just can't rig it in your favor even if I could.
Agent: I wouldn't want you to — that's not a comparison anyone trusts afterward. When do you expect to actually make the call, once all three quotes are in?
Customer: Depends how close they are. If it's a landslide either way, fast. If it's close, it could sit with finance for a couple more weeks after that.
Agent: Tracks with how these things usually go — the close calls tend to sit longer than the ones that aren't. I'll get you both pricing structures this week so they're ready whenever the comparison happens.
Customer: Perfect. I'll loop you in as soon as I've got the other two numbers, or if finance asks me anything I can't answer myself.
Agent: Sounds good. Anything else that typically trips up a pricing comparison like this, that I should get ahead of now instead of later?
Customer: Implementation cost, sometimes. Make sure whatever you send includes onboarding fees up front, not as a footnote — last vendor buried it and it became a whole thing internally.
Agent: Good catch, I'll make sure it's broken out clearly, not buried. I'll have both pricing structures to you by end of week.
Customer: Appreciate it. Fingers crossed the comparison goes the way I'm hoping.",225,Follow-up Needed,medium,price,mixed,4,4,weak,true,3,Follow-up Needed,false,false,0.13,131,0.87,0.47,medium,6,0,"Enterprise account requires three competitive quotes for any contract at this size per internal procurement policy; customer favors this platform but cannot skip the formal comparison. RFQ went out this week, with the other two quotes expected in three to four weeks. Agent is preparing year-to-year and three-year pricing structures and proactively flagged implementation-cost transparency, based on a prior vendor experience the customer described where onboarding fees were buried."
CALL_019,Noa Friedman,SMB,Retail,"Agent: Wendy, hi! Thanks for squeezing me in — I know Saturdays are probably your busiest day to be doing anything except this call.
Customer: Ha, tell me about it. I've got fifteen minutes before I'm back on the floor. Fair warning, I don't think we actually need this — my assistant set up the call, not me.
Agent: No hard feelings if that's where we land. Since I've got you — walk me through a normal Saturday. What's actually happening behind the scenes while you're on the floor?
Customer: Honestly? Chaos, but good chaos. Four stores, everyone texting each other about stock, customers, whatever. It's how we've always done it.
Agent: What happens when a customer asks one store about an item and it's actually at a different location?
Customer: We call around. Takes a few minutes, usually works out.
Agent: Usually?
Customer: Okay, usually. Sometimes someone doesn't pick up and we tell the customer we'll call them back, and then... sometimes we don't, if it's crazy busy.
Agent: How often would you guess that happens — the ""we'll call you back"" that doesn't happen?
Customer: I don't know, honestly. More than I'd like if I actually thought about it.
Agent: What's a sale like that usually worth to you, roughly?
Customer: Depends on the item, but our average ticket's around a hundred and twenty bucks.
Agent: If that happened even twice a week across four stores, that's actually a meaningful number over a year — not something a spreadsheet fixes, but real-time stock visibility would.
Customer: Huh. I hadn't really thought about it as a ""problem,"" it's just how retail is.
Agent: That's usually how the real ones hide — they just feel normal because you're used to them.
Customer: Okay, I'll give you that one. What would this even look like day to day for my staff?
Agent: Any store can see any other store's stock in real time, right from their phone, so instead of calling around, they just check and tell the customer on the spot.
Customer: My staff would love that, honestly, the phone tag drives everyone crazy.
Agent: Given what you've told me, want to just get four stores set up and see what it actually catches over the first month?
Customer: You know what, yes. Let's do it. I clearly needed to be talked into admitting I have a problem.
Agent: I'll get the agreement over today so you can sign whenever works around your floor time.
Customer: Send it over — I'll sign tonight after close.",185,Sale,high,no_need,positive,5,5,strong,false,4,Successful Sale,false,true,0.09,136,0.91,0.52,high,0,0,"Customer initially stated she didn't think she needed this and was only taking the call as a favor to her assistant. Discovery revealed an unquantified but real problem — missed callback follow-ups on cross-store inventory checks, worth roughly $120 average ticket, happening more than twice a week across four stores. Customer signed the same day after the cost-of-inaction was made concrete."
CALL_020,Noa Friedman,Mid-Market,Logistics,"Agent: Owen, hey! Good to actually see your face instead of just emails back and forth.
Customer: Same, honestly, feels like we've been circling this for a month. I'm into it, I just have one real hesitation.
Agent: Let's hear it.
Customer: Peak season. We're three months out from our busiest stretch of the year, and I do not want to be mid-rollout when volume triples.
Agent: Reasonable thing to be nervous about. When exactly does peak actually start ramping for you?
Customer: Real ramp starts around week nine from now, full chaos by week twelve.
Agent: What if we flipped the framing — instead of ""can we avoid rolling out near peak,"" what if we made sure we're fully live and stable well before it starts?
Customer: Meaning what, exactly?
Agent: Start now, run a phased rollout over the next six weeks, and you're not just live before peak — you've had a few weeks of normal volume to work out any kinks before the real pressure hits.
Customer: Huh. I'd been thinking about it backwards, like the deadline was something to avoid instead of something to build toward.
Agent: That's the difference between rushing into peak versus walking into it already warmed up.
Customer: Okay, I like that a lot more. What does week one actually look like?
Agent: Just data migration and a pilot with your dispatch team — nobody else touches it yet.
Customer: And if week one goes sideways, we've still got time to adjust before it matters?
Agent: Exactly — that's the whole point of front-loading it instead of doing it in week ten out of panic.
Customer: Alright, you've talked me out of waiting until January like I originally planned. Let's start the six-week clock.
Agent: I'll get the phased plan and the agreement over today so we can kick off data migration this week.
Customer: Perfect. My ops team's going to be thrilled, they've wanted this for a year.
Agent: I'll loop in your dispatch lead directly for the pilot kickoff, so it's not just you managing the handoff.
Customer: Good call, she'll appreciate being looped in early instead of finding out after the fact.",185,Sale,high,timing,positive,5,5,medium,false,4,Successful Sale,true,true,0.10,116,0.90,0.54,medium,0,0,"Customer's main hesitation was rolling out mid-peak-season disruption, three months out from their busiest stretch. Agent reframed the timing concern into a case for starting immediately — a six-week phased rollout that would be fully stable before peak volume hits, rather than rushed during it. Customer agreed to start now rather than wait until January as originally planned."
CALL_021,Noa Friedman,Mid-Market,Real Estate,"Agent: Hey Tasha, thanks for hopping on. So where's your head at with RealSync right now — happy, tolerating it, actively looking to leave?
Customer: Tolerating, mostly. It does the job. Not excited about it, but nothing's actually broken either.
Agent: What does ""does the job"" mean, exactly — what does a normal week look like using it?
Customer: Track listings, log client calls, pretty basic stuff. It's fine. I'm not really sure what would be meaningfully better with something else.
Agent: Is there anything you've wanted RealSync to do that it just doesn't?
Customer: Not really, honestly. My agents grumble about the mobile app being slow sometimes, but that's not exactly a reason to rip out the whole system.
Agent: How long have you been on RealSync?
Customer: About three years now. Everyone's trained on it, all our historical data's in there.
Agent: That's a real switching cost, not just an inconvenience — I don't want to undersell that.
Customer: Thanks for saying that instead of pretending it's nothing. What would actually be different here?
Agent: Better mobile performance, more flexible reporting, tighter integration with a couple tools you've mentioned using separately. But if the app slowness is the only real complaint, I'm not sure that alone justifies a full migration.
Customer: Yeah, that's kind of where I land too. It's annoying, not painful.
Agent: Is there a version of this where just a couple of your agents try it alongside RealSync, low commitment, see if it actually changes anything day to day?
Customer: Maybe, eventually. Honestly, with everyone trained and settled, I don't see us doing a full switch unless RealSync gives us an actual reason to leave.
Agent: That's a reasonable place to land. I'm not going to talk you into ripping out something that mostly works.
Customer: I don't hate that answer. Doesn't feel like a wasted call, just an honest ""not right now.""
Agent: If the mobile app slowness ever turns into something bigger, or RealSync changes on you, feel free to reach back out.
Customer: Will do. No promises on timing, though.
Agent: No pressure either way — good luck with the agents.
Customer: Thanks, take care.",195,No Sale,medium,competitor,neutral,4,3,weak,false,2,Failed Sale,false,true,0.16,110,0.84,0.54,low,1,6,"Customer has used a competing platform (RealSync) for three years; team is trained and historical data is fully migrated there. Only stated complaint is occasional mobile app slowness, described as annoying rather than painful. Agent acknowledged the real switching cost honestly and did not push a full migration case that the customer's own description didn't support; no compelling reason to leave was established in this call."
CALL_022,Noa Friedman,SMB,Professional Services,"Agent: Hi Jamie, thanks for hopping on. I saw the inquiry came through — what prompted you to reach out?
Customer: Honestly, my boss told me to ""look into some options"" and get back to her. I don't really know what I'm doing here.
Agent: Happens more than you'd think. What's she trying to solve, as far as you know?
Customer: I genuinely don't know. She just said we need ""better systems"" after a client complained about something falling through the cracks.
Agent: Okay, let's start simple then — what do you all currently use to track client work and communication?
Customer: A mix. Gmail, a shared Google Sheet, and honestly some of it's just in people's heads. It's kind of a mess, not going to pretend otherwise.
Agent: What tools would this actually need to work alongside, if we got that far?
Customer: That's the thing, I don't think it ""works alongside"" anything. We don't have a real CRM, no calendar system everyone actually uses, half the team's on personal email for work stuff still.
Agent: So there's not really an existing system to integrate with — more like nothing standardized yet at all.
Customer: Basically, yeah. Which honestly makes this feel pointless. Even if I liked this tool, we can't just bolt it onto nothing.
Agent: Reasonable read, honestly. A platform like this assumes there's at least some existing structure to plug into.
Customer: Right. And it's not my call anyway — I'm not the one who'd decide to buy anything, I just got told to ""check some things out.""
Agent: Who would actually make that call, if it ever got that far?
Customer: My boss, probably, or maybe the office manager. Honestly I don't think either of them is thinking about this seriously right now. Sorry, that's probably not what you wanted to hear.
Agent: No, it's useful, actually — better than spending both our time pretending this is further along than it is.
Customer: Yeah. I'll tell her it's not really a fit for where we're at right now.
Agent: That's probably the right call. If things ever get more structured on your end, feel free to reach back out.
Customer: Will do. Sorry again for wasting your time.
Agent: You didn't — this was useful for both of us, honestly.
Customer: Appreciate you not making this weird. I was dreading this call.
Agent: Ha, no need to dread it — not every call needs to end in a pitch.",210,No Sale,low,integration,negative,3,1,none,false,1,Failed Sale,false,false,0.20,116,0.80,0.45,low,0,0,"Customer is a non-decision-making employee (office coordinator) tasked by her manager with informally reviewing options, with no real authority or context on the underlying need. The firm has no existing CRM, calendar system, or standardized tools to integrate with — essentially nothing to build on. Agent correctly did not pursue a fit that the customer's own description ruled out."
CALL_023,Noa Friedman,Mid-Market,Healthcare,"Agent: Dana! Hi, so good to actually talk instead of just trading emails.
Customer: Same! Honestly this is probably going to be a fun call, my team's been buzzing about this since the demo.
Agent: I love hearing that. What specifically got them buzzing?
Customer: The forecasting piece, mostly. We've been flying blind on pipeline for way too long, and the way your dashboard laid it out just made sense immediately.
Agent: That's exactly the reaction we want. What's the team like, size-wise?
Customer: About twenty-two reps, three regional managers, plus me. We've grown a lot the last two years and our tools just haven't kept up.
Agent: Growing pains are the best kind of problem to have, honestly, versus the alternative.
Customer: Ha, true. Though tell that to my managers who are still exporting spreadsheets every Friday night.
Agent: Oh, I bet. What's that Friday ritual actually like?
Customer: Painful. Everyone pulling their own numbers, formatting them differently, me trying to reconcile it all into something I can present Monday. It eats my whole weekend some months.
Agent: That sounds exhausting, honestly — for what it's worth, that's specifically the thing the dashboard kills.
Customer: I know, and it looked amazing in the demo. Real talk though, the pricing's a bit more than I budgeted for this year.
Agent: How far off is it from what you had in mind?
Customer: Maybe twenty percent over. Not a dealbreaker exactly, just means I'd need to make a case internally instead of just approving it myself.
Agent: Twenty percent's not huge in the scheme of getting your weekends back, honestly. What would help make that internal case easier?
Customer: Probably just a clear breakdown of what's driving the number, so it's not just ""trust me, it's worth it.""
Agent: Totally, I can put something together on that. Anyway, how's the rest of your quarter looking — you guys hiring more reps soon?
Customer: Actually yeah, we're bringing on four more next month, which honestly makes the timing even better for this.
Agent: That's great, more people means more of exactly the chaos we've been talking about. So how'd you get into sales leadership, was healthcare always the plan?
Customer: Ha, definitely not — total accident, long story. Anyway, this has been a great conversation, I should probably jump to my next call though.
Agent: Of course, this was so fun, thank you for making time. Talk soon!
Customer: Talk soon! This was great.",195,Follow-up Needed,high,price,mixed,3,3,weak,true,4,Follow-up Needed,false,true,0.10,126,0.90,0.43,medium,2,0,"Customer showed strong, concrete buying signals throughout — enthusiastic team reaction to the demo, a specific quantified pain point (weekly manual reporting eating weekend hours), a resolvable price gap (about 20% over budget) with a clear ask for a pricing breakdown to build an internal case, and an upcoming hiring wave reinforcing urgency. Agent never followed up on the pricing-breakdown commitment with a concrete timeline or next meeting before the conversation drifted into unrelated small talk and ended without a locked-in next step."
CALL_024,Noa Friedman,Enterprise,Technology,"Agent: Casey, hi, thanks for the time. So tell me, what's got you looking into this space right now?
Customer: Honestly, it's a bit early to say. I'm doing some landscape research for a possible initiative next year, nothing's really defined yet.
Agent: No problem — is there a specific team or problem this would eventually serve, even loosely?
Customer: Could be a few different teams, depending on how it shapes up. Sales, maybe customer success too. We're still figuring out scope.
Agent: What prompted the research phase — did something specific trigger it, or is it more of a general ""let's see what's out there""?
Customer: Bit of both. Leadership mentioned wanting better visibility into some of our go-to-market processes at some point. I got tasked with exploring options broadly.
Agent: When you say ""at some point"" — is there a rough timeline, even a loose one, like this year versus next?
Customer: Genuinely not sure yet. Could be next quarter, could slip to next year depending on other priorities.
Agent: That's totally fine, early research calls are useful too. What does a ""good outcome"" from this call look like for you today?
Customer: Mostly just understanding what's out there — categories of tools, rough pricing, what companies our size typically do. I'm talking to a handful of vendors, honestly, not just you.
Agent: Reasonable to cast a wide net at this stage. At twenty-two hundred people, what's roughly the current state — are teams using anything today, or mostly manual?
Customer: Mixed, from what I understand. Some teams have their own tools, some don't. Part of what I'm trying to figure out is whether this should even be one unified thing or stay fragmented.
Agent: That's actually a bigger strategic question than most calls like this start with. Who else is involved in that decision, eventually?
Customer: TBD, honestly. Could end up being me, could get handed to someone else if it becomes a real initiative. I really can't say with confidence.
Agent: A lot of this genuinely sounds like it's still forming. Is there anything today that would actually be useful for me to send you, given where things are?
Customer: General overview material would help — categories, rough pricing bands, maybe a couple case studies from companies our size. Nothing detailed yet.
Agent: I can put that together. Should I check back in at some point, or would you rather reach out once things firm up on your end?
Customer: Probably better if I reach out. Honestly I'm not sure when that would be — could be a month, could be longer.
Agent: Sounds good on my end too. I'll send the overview material either way, so you've got it whenever the timeline does firm up.
Customer: Appreciate that. Sorry I can't give you more to go on right now.",245,Follow-up Needed,unclear,none,neutral,4,4,weak,true,3,Follow-up Needed,false,true,0.18,114,0.82,0.49,low,2,0,"Early-stage, exploratory research call for a possible future initiative that has not yet been scoped, budgeted, or assigned an owner beyond the customer's own informal tasking. Customer is evaluating multiple vendors broadly and could not commit to a timeline, a decision-maker, or even whether the eventual need would be unified or team-specific. Agent appropriately scaled the ask down to sending general overview material rather than forcing premature specificity."
